Workbook

Sheet N1
A2: Transpilación | K2: Contextualización
A3: Nivel de complejidad | B3: Declaracion de Variable | K3: Nivel de complejidad | L3: Declaracion de Variable
B4: Tiempo de respuesta (ms) | L4: Tiempo de respuesta (ms)
A5: # prueba | B5: Modelo gpt-4o-mini | C5: gemini-2.0-flash-lite | D5: llama3 | E5: deepseek-coder:1.3b | F5: gemma2:9b | G5: phi3.5:latest | H5: qwen2.5-coder:7b | K5: # prueba | L5: Modelo gpt-4o-mini | M5: gemini-2.0-flash-lite | N5: llama3 | O5: deepseek-coder:1.3b | P5: gemma2:9b | Q5: phi3.5:latest | R5: qwen2.5-coder:7b
A6: 1 | B6: 1.3959 | C6: 0.5822 | D6: 12.1683 | E6: 6.1169 | F6: 18.5177 | G6: 31.107 | H6: 11.7098 | K6: 1 | L6: 2.6657 | M6: 0.9148 | N6: 16.3478 | O6: 11.7025 | P6: 22.1262 | Q6: 18.3565 | R6: 14.5684
A7: 2 | B7: 1.7537 | C7: 0.7852 | D7: 10.7774 | E7: 7.7622 | F7: 15.7273 | G7: 8.0543 | H7: 11.889 | K7: 2 | L7: 2.1309 | M7: 1.0628 | N7: 28.8123 | O7: 5.3581 | P7: 22.5939 | Q7: 15.788 | R7: 12.3467
A8: 3 | B8: 1.6329 | C8: 0.8123 | D8: 10.4614 | E8: 6.732 | F8: 16.7636 | G8: 8.2647 | H8: 12.0004 | K8: 3 | L8: 1.8362 | M8: 0.8903 | N8: 20.3541 | O8: 4.61 | P8: 20.0874 | Q8: 11.0254 | R8: 14.6022
A9: 4 | B9: 3.1706 | C9: 0.7683 | D9: 10.5795 | E9: 3.4081 | F9: 15.7682 | G9: 8.2361 | H9: 11.8875 | K9: 4 | L9: 2.1245 | M9: 1.021 | N9: 23.0528 | O9: 3.97 | P9: 17.0608 | Q9: 18.4211 | R9: 11.1688
A10: 5 | B10: 1.7688 | C10: 0.6176 | D10: 10.3878 | E10: 7.2107 | F10: 15.5614 | G10: 8.1741 | H10: 11.9781 | K10: 5 | L10: 2.6454 | M10: 0.1572 | N10: 22.1561 | O10: 5.0919 | P10: 24.5625 | Q10: 14.8807 | R10: 12.9691
A11: 6 | K11: 6
A12: 7 | K12: 7
A13: 8 | K13: 8
A14: 9 | K14: 9
A15: 10 | K15: 10
A16: Tiempo Promedio (ms) | B16: =AVERAGE(B6:B15) -> 1.94438 | C16: =AVERAGE(C6:C15) -> 0.71312 | D16: =AVERAGE(D6:D15) -> 10.87488 | E16: =AVERAGE(E6:E15) -> 6.24598 | F16: =AVERAGE(F6:F15) -> 16.46764 | G16: =AVERAGE(G6:G15) -> 12.76724 | H16: =AVERAGE(H6:H15) -> 11.89296 | K16: Tiempo Promedio (ms) | L16: =AVERAGE(L6:L14) -> 2.28054 | M16: =AVERAGE(M6:M14) -> 0.80922 | N16: =AVERAGE(N6:N14) -> 22.14462 | O16: =AVERAGE(O6:O14) -> 6.1465 | P16: =AVERAGE(P6:P14) -> 21.28616 | Q16: =AVERAGE(Q6:Q14) -> 15.69434 | R16: =AVERAGE(R6:R14) -> 13.13104
A17: Desviación estandar | K17: Desviación estandar

Sheet N2
A1: Transpilación | K1: Contextualización
A2: Nivel de complejidad | B2: Logica condición | K2: Nivel de complejidad | L2: Logica condición
B3: Tiempo de respuesta (ms) | L3: Tiempo de respuesta (ms)
A4: # prueba | B4: Modelo gpt-4o-mini | C4: gemini-2.0-flash-lite | D4: llama3 | E4: deepseek-coder:1.3b | F4: gemma2:9b | G4: phi3.5:latest | H4: qwen2.5-coder:7b | K4: # prueba | L4: Modelo gpt-4o-mini | M4: gemini-2.0-flash-lite | N4: llama3 | O4: deepseek-coder:1.3b | P4: gemma2:9b | Q4: phi3.5:latest | R4: qwen2.5-coder:7b
A5: 1 | B5: 2.1257 | C5: 0.7198 | D5: 7.0602 | E5: 55.9251 | F5: 19.114 | G5: 17.307 | H5: 9.411 | K5: 1 | L5: 2.9939 | M5: 2.4191 | N5: 48.1896 | O5: 4.0523 | P5: 25.4677 | Q5: 17.0276 | R5: 15.1945
A6: 2 | B6: 2.1352 | C6: 0.7276 | D6: 8.2106 | E6: 2.8749 | F6: 15.6917 | G6: 7.8862 | H6: 9.3221 | K6: 2 | L6: 2.181 | M6: 1.3419 | N6: 49.9319 | O6: 7.9503 | P6: 26.1593 | Q6: 18.9057 | R6: 25.3782
A7: 3 | B7: 1.1857 | C7: 0.6848 | D7: 8.0751 | E7: 14.6978 | F7: 17.1417 | G7: 7.0378 | H7: 9.4656 | K7: 3 | L7: 1.809 | M7: 1.0953 | N7: 46.139 | O7: 11.3281 | P7: 25.918 | Q7: 18.0096 | R7: 16.594
A8: 4 | B8: 1.1343 | C8: 0.7407 | D8: 6.9372 | E8: 7.4406 | F8: 18.0027 | G8: 12.4868 | H8: 9.3113 | K8: 4 | L8: 2.1711 | M8: 0.9508 | N8: 21.8251 | O8: 4.8794 | P8: 23.4678 | Q8: 14.8731 | R8: 10.2488
A9: 5 | B9: 1.7356 | C9: 0.1533 | D9: 8.9144 | E9: 8.2134 | F9: 15.8351 | G9: 7.0795 | H9: 9.2275 | K9: 5 | L9: 2.5413 | M9: 0.152 | N9: 25.1434 | O9: 5.2589 | P9: 24.9489 | Q9: 14.4471 | R9: 14.2191
A10: 6 | K10: 6
A11: 7 | K11: 7
A12: 8 | K12: 8
A13: 9 | K13: 9
A14: 10 | K14: 10
A15: Tiempo Promedio (ms) | B15: =AVERAGE(B5:B14) -> 1.6633 | C15: =AVERAGE(C5:C14) -> 0.60524 | D15: =AVERAGE(D5:D14) -> 7.8395 | E15: =AVERAGE(E5:E14) -> 17.83036 | F15: =AVERAGE(F5:F14) -> 17.15704 | G15: =AVERAGE(G5:G14) -> 10.35946 | H15: =AVERAGE(H5:H14) -> 9.3475 | K15: Tiempo Promedio (ms) | L15: =AVERAGE(L5:L14) -> 2.33926 | M15: =AVERAGE(M5:M14) -> 1.19182 | N15: =AVERAGE(N5:N14) -> 38.2458 | O15: =AVERAGE(O5:O14) -> 6.6938 | P15: =AVERAGE(P5:P14) -> 25.19234 | Q15: =AVERAGE(Q5:Q14) -> 16.65262 | R15: =AVERAGE(R5:R14) -> 16.32692
A16: Desviación estandar | K16: Desviación estandar

Sheet N3
A1: Transpilación | K1: Contextualización
A2: Nivel de complejidad | B2: Repetición while | K2: Nivel de complejidad | L2: Repetición while
B3: Tiempo de respuesta (ms) | L3: Tiempo de respuesta (ms)
A4: # prueba | B4: Modelo gpt-4o-mini | C4: gemini-2.0-flash-lite | D4: llama3 | E4: deepseek-coder:1.3b | F4: gemma2:9b | G4: phi3.5:latest | H4: qwen2.5-coder:7b | K4: # prueba | L4: Modelo gpt-4o-mini | M4: gemini-2.0-flash-lite | N4: llama3 | O4: deepseek-coder:1.3b | P4: gemma2:9b | Q4: phi3.5:latest | R4: qwen2.5-coder:7b
A5: 1 | B5: 1.09 | C5: 0.6585 | D5: 7.906 | E5: 14.7172 | F5: 13.0202 | G5: 6.2734 | H5: 8.1718 | K5: 1 | L5: 2.3541 | M5: 1.095 | N5: 20.7327 | O5: 4.7975 | P5: 27.6879 | Q5: 17.49 | R5: 18.1536
A6: 2 | B6: 1.1012 | C6: 0.6573 | D6: 8.2474 | E6: 5.2853 | F6: 13.0452 | G6: 7.1316 | H6: 8.1467 | K6: 2 | L6: 2.2862 | M6: 1.1796 | N6: 22.0371 | O6: 3.878 | P6: 23.6629 | Q6: 17.6746 | R6: 17.1616
A7: 3 | B7: 1.1694 | C7: 0.6296 | D7: 9.1357 | E7: 10.0069 | F7: 12.9671 | G7: 5.9476 | H7: 8.245 | K7: 3 | L7: 2.3336 | M7: 2.0858 | N7: 36.1246 | O7: 4.4275 | P7: 24.4885 | Q7: 19.7284 | R7: 13.3824
A8: 4 | B8: 1.8751 | C8: 0.6299 | D8: 7.8062 | E8: 10.1991 | F8: 13.1244 | G8: 5.9614 | H8: 8.4033 | K8: 4 | L8: 2.3645 | M8: 1.0428 | N8: 37.9156 | O8: 4.9729 | P8: 25.0144 | Q8: 22.2929 | R8: 18.8231
A9: 5 | B9: 0.958 | C9: 0.139 | D9: 7.836 | E9: 3.9799 | F9: 13.1616 | G9: 5.8539 | H9: 8.3144 | K9: 5 | L9: 2.4691 | M9: 0.1508 | N9: 20.6054 | O9: 4.1926 | P9: 26.9711 | Q9: 30.1515 | R9: 21.0287
A10: 6 | K10: 6
A11: 7 | K11: 7
A12: 8 | K12: 8
A13: 9 | K13: 9
A14: 10 | K14: 10
A15: Tiempo Promedio (ms) | B15: =AVERAGE(B5:B14) -> 1.23874 | C15: =AVERAGE(C5:C14) -> 0.54286 | D15: =AVERAGE(D5:D14) -> 8.18626 | E15: =AVERAGE(E5:E14) -> 8.83768 | F15: =AVERAGE(F5:F14) -> 13.0637 | G15: =AVERAGE(G5:G14) -> 6.23358 | H15: =AVERAGE(H5:H14) -> 8.25624 | K15: Tiempo Promedio (ms) | L15: =AVERAGE(L5:L14) -> 2.3615 | M15: =AVERAGE(M5:M14) -> 1.1108 | N15: =AVERAGE(N5:N14) -> 27.48308 | O15: =AVERAGE(O5:O14) -> 4.4537 | P15: =AVERAGE(P5:P14) -> 25.56496 | Q15: =AVERAGE(Q5:Q14) -> 21.46748 | R15: =AVERAGE(R5:R14) -> 17.70988
A16: Desviación estandar | K16: Desviación estandar

Sheet N4
A1: Transpilación | K1: Contextualización
A2: Nivel de complejidad | B2: Repetición For | K2: Nivel de complejidad | L2: Repetición For
B3: Tiempo de respuesta (ms) | L3: Tiempo de respuesta (ms)
A4: # prueba | B4: Modelo gpt-4o-mini | C4: gemini-2.0-flash-lite | D4: llama3 | E4: deepseek-coder:1.3b | F4: gemma2:9b | G4: phi3.5:latest | H4: qwen2.5-coder:7b | K4: # prueba | L4: Modelo gpt-4o-mini | M4: gemini-2.0-flash-lite | N4: llama3 | O4: deepseek-coder:1.3b | P4: gemma2:9b | Q4: phi3.5:latest | R4: qwen2.5-coder:7b
A5: 1 | B5: 2.0224 | C5: 0.5626 | D5: 9.5022 | E5: 33.0361 | F5: 11.7346 | G5: 7.0087 | H5: 7.7087 | K5: 1 | L5: 3.5044 | M5: 1.1186 | N5: 34.6371 | O5: 5.8479 | P5: 27.7662 | Q5: 16.8265 | R5: 16.4863
A6: 2 | B6: 0.8075 | C6: 0.5652 | D6: 7.4016 | E6: 35.7015 | F6: 12.2649 | G6: 6.7102 | H6: 7.6685 | K6: 2 | L6: 1.6504 | M6: 1.1056 | N6: 15.7223 | O6: 8.4598 | P6: 22.64 | Q6: 20.4869 | R6: 13.0836
A7: 3 | B7: 1.4718 | C7: 0.6299 | D7: 7.3676 | E7: 6.5784 | F7: 14.5186 | G7: 5.638 | H7: 7.4563 | K7: 3 | L7: 3.4329 | M7: 2.0126 | N7: 22.4189 | O7: 4.1814 | P7: 25.1596 | Q7: 17.0295 | R7: 20.8201
A8: 4 | B8: 1.605 | C8: 0.5744 | D8: 7.4886 | E8: 28.6489 | F8: 12.4675 | G8: 5.5676 | H8: 7.6705 | K8: 4 | L8: 1.9978 | M8: 1.8789 | N8: 19.2802 | O8: 4.8794 | P8: 39.0197 | Q8: 15.9156 | R8: 17.1452
A9: 5 | B9: 1.1206 | C9: 0.1509 | D9: 7.8193 | E9: 12.9833 | F9: 12.2437 | G9: 5.543 | H9: 7.5948 | K9: 5 | L9: 1.9164 | M9: 0.1486 | N9: 39.0228 | O9: 7.1577 | P9: 22.208 | Q9: 16.8039 | R9: 13.6581
A10: 6 | K10: 6
A11: 7 | K11: 7
A12: 8 | K12: 8
A13: 9 | K13: 9
A14: 10 | K14: 10
A15: Tiempo Promedio (ms) | B15: =AVERAGE(B5:B14) -> 1.40546 | C15: =AVERAGE(C5:C14) -> 0.4966 | D15: =AVERAGE(D5:D14) -> 7.91586 | E15: =AVERAGE(E5:E14) -> 23.38964 | F15: =AVERAGE(F5:F14) -> 12.64586 | G15: =AVERAGE(G5:G14) -> 6.0935 | H15: =AVERAGE(H5:H14) -> 7.61976 | K15: Tiempo Promedio (ms) | L15: =AVERAGE(L5:L14) -> 2.50038 | M15: =AVERAGE(M5:M14) -> 1.25286 | N15: =AVERAGE(N5:N14) -> 26.21626 | O15: =AVERAGE(O5:O14) -> 6.10524 | P15: =AVERAGE(P5:P14) -> 27.3587 | Q15: =AVERAGE(Q5:Q14) -> 17.41248 | R15: =AVERAGE(R5:R14) -> 16.23866
A16: Desviación estandar | K16: Desviación estandar

Sheet Total
A1: Promedio Total de todos los modelos | C1: Modelos
A2: TRANSPILACIÓN | B2: Nivel | C2: Modelo gpt-4o-mini | D2: gemini-2.0-flash-lite | E2: llama3 | F2: deepseek-coder:1.3b | G2: gemma2:9b | H2: phi3.5:latest | I2: qwen2.5-coder:7b
B3: 1 | C3: ='N1'!B16 -> 1.94438 | D3: ='N1'!C16 -> 0.71312 | E3: ='N1'!D16 -> 10.87488 | F3: ='N1'!E16 -> 6.24598 | G3: ='N1'!F16 -> 16.46764 | H3: ='N1'!G16 -> 12.76724 | I3: ='N1'!H16 -> 11.89296
B4: 2 | C4: ='N2'!B15 -> 1.6633 | D4: ='N2'!C15 -> 0.60524 | E4: ='N2'!D15 -> 7.8395 | F4: ='N2'!E15 -> 17.83036 | G4: ='N2'!F15 -> 17.15704 | H4: ='N2'!G15 -> 10.35946 | I4: ='N2'!H15 -> 9.3475
B5: 3 | C5: ='N3'!B15 -> 1.23874 | D5: ='N3'!C15 -> 0.54286 | E5: ='N3'!D15 -> 8.18626 | F5: ='N3'!E15 -> 8.83768 | G5: ='N3'!F15 -> 13.0637 | H5: ='N3'!G15 -> 6.23358 | I5: ='N3'!H15 -> 8.25624
B6: 4 | C6: ='N4'!B15 -> 1.40546 | D6: ='N4'!C15 -> 0.4966 | E6: ='N4'!D15 -> 7.91586 | F6: ='N4'!E15 -> 23.38964 | G6: ='N4'!F15 -> 12.64586 | H6: ='N4'!G15 -> 6.0935 | I6: ='N4'!H15 -> 7.61976
A9: CONTEXTUALIZACIÓN | B9: Nivel | C9: Modelo gpt-4o-mini | D9: gemini-2.0-flash-lite | E9: llama3 | F9: deepseek-coder:1.3b | G9: gemma2:9b | H9: phi3.5:latest | I9: qwen2.5-coder:7b
B10: 1 | C10: ='N1'!L16 -> 2.28054 | D10: ='N1'!M16 -> 0.80922 | E10: ='N1'!N16 -> 22.14462 | F10: ='N1'!O16 -> 6.1465 | G10: ='N1'!P16 -> 21.28616 | H10: ='N1'!Q16 -> 15.69434 | I10: ='N1'!R16 -> 13.13104
B11: 2 | C11: ='N2'!L15 -> 2.33926 | D11: ='N2'!M15 -> 1.19182 | E11: ='N2'!N15 -> 38.2458 | F11: ='N2'!O15 -> 6.6938 | G11: ='N2'!P15 -> 25.19234 | H11: ='N2'!Q15 -> 16.65262 | I11: ='N2'!R15 -> 16.32692
B12: 3 | C12: ='N3'!L15 -> 2.3615 | D12: ='N3'!M15 -> 1.1108 | E12: ='N3'!N15 -> 27.48308 | F12: ='N3'!O15 -> 4.4537 | G12: ='N3'!P15 -> 25.56496 | H12: ='N3'!Q15 -> 21.46748 | I12: ='N3'!R15 -> 17.70988
B13: 4 | C13: ='N4'!L15 -> 2.50038 | D13: ='N4'!M15 -> 1.25286 | E13: ='N4'!N15 -> 26.21626 | F13: ='N4'!O15 -> 6.10524 | G13: ='N4'!P15 -> 27.3587 | H13: ='N4'!Q15 -> 17.41248 | I13: ='N4'!R15 -> 16.23866
